P,,,,,FUR,,,,,
,U,,,,,,,,,
,,R,,,,,,,,
,,,,,,,,,,
1,2,3,,,,,,,,
,,,,,,,,,,
,,,,,,,,,,
01/01/2001,,,,,,,,,,
,,,,,,,,,,
,,,,,,,,,,
,,,,,,,,,,
,,,,,,,,,,
,,,,,,,,,,
,,,,,,,,,,
,,,,,,,,,,
,,,,,,,,,,
,,,,,,,,,,
,,,,,,,,,,
,,,,,,,,,,
,,,,,,,,,,
,,,,,,,,,,
,,,,,,,,,,
,,,,,,,,,,
,,,,,,,,,,
,,,,,,,,,,
,,,,,,,,,"Lorem ipsum dolor sit amet, consectetur adipiscing elit. Aliquam ornare ultricies diam. Curabitur vitae massa non elit commodo vulputate. Cras ut urna euismod, semper odio vel, scelerisque sapien. Nullam sagittis congue turpis. Cras nisl arcu, interdum eget posuere non, tincidunt quis ex. Quisque fermentum consectetur magna quis dictum. Donec finibus eu elit et fringilla. Vivamus sit amet nisl sit amet mi mattis volutpat. Duis sed pharetra diam, sed pellentesque mauris. Ut a sapien id massa rhoncus aliquam id vitae sapien. Nulla mi sem, fringilla nec vehicula consectetur, molestie non felis.

Aliquam bibendum eros sit amet mi luctus dapibus. Ut pharetra placerat placerat. Nunc ut libero enim. Vivamus lacinia varius tristique. Etiam egestas lacus ut risus porttitor, ac dictum eros tincidunt. Sed ut urna eget nulla tristique consectetur. Vestibulum maximus justo euismod, posuere orci a, dictum orci. Sed condimentum viverra tincidunt. Duis placerat non quam vitae vehicula. Duis dui magna, pellentesque nec quam sed, commodo luctus nibh. Morbi dui diam, hendrerit in sodales et, ultricies non mi. Phasellus pharetra laoreet magna eu iaculis. Nam pretium lacus vehicula, malesuada lorem nec, rutrum erat. Etiam nulla nisl, vulputate viverra tortor ac, cursus sollicitudin sapien.

Curabitur accumsan iaculis malesuada. Nam auctor, metus ac lobortis feugiat, sapien neque luctus magna, eget porta quam risus eget leo. Sed finibus hendrerit ex nec vestibulum. Nulla semper dictum mi, sit amet ullamcorper turpis pharetra ac. Curabitur pretium eu leo id semper. Sed eu purus quis nunc tincidunt mollis. In feugiat ullamcorper pellentesque. Praesent at enim rhoncus, bibendum erat euismod, volutpat ipsum. Quisque varius eros ac mi convallis gravida.

Donec suscipit sollicitudin porta. Sed in lectus nec tellus finibus hendrerit. Donec non fermentum turpis. Donec non massa eu mauris laoreet pellentesque quis at mi. Phasellus cursus varius neque, nec dapibus nulla ornare id. Suspendisse nec tortor a orci auctor interdum in sit amet lectus. Suspendisse potenti. Duis quam mauris, porta id erat at, blandit viverra erat.

Praesent aliquam eget dui eget egestas. Etiam consequat ex ex, vel consequat purus vehicula vel. Pellentesque vestibulum quam ipsum, vel pulvinar nulla commodo a. Aliquam egestas maximus condimentum. Nulla non ante diam. Phasellus luctus imperdiet convallis. Pellentesque eu turpis tellus. Aliquam in aliquet tortor. Duis fermentum justo nulla, in viverra orci dignissim vel. Cras vel elementum mauris. Vivamus metus neque, egestas sed ultrices id, viverra non urna. Cras eleifend congue tincidunt. Vestibulum dolor magna, facilisis sit amet diam at, placerat laoreet neque. Proin id nisl et mi efficitur auctor non eget nibh.

Aliquam cursus luctus dictum. Duis non lacus sagittis, molestie lacus et, dictum orci. Vestibulum urna lectus, egestas in viverra at, aliquet nec justo. Nulla mollis, magna quis luctus molestie, diam dui dictum purus, ut lobortis lacus nulla at nullam.",PUR
